ID,Name,Category,Collection,Details,Source photos
"botanical-set","EYLIN Fuji Green Tea Guest Amenity Kit","Gift Sets","EYLIN Fuji Green Tea","Coordinated guest amenities","source-assets\full-catalogue\website folder\wet amenities\fuji green tee kit\WhatsApp Image 2026-03-25 at 15.41.54.jpeg | source-assets\full-catalogue\website folder\wet amenities\fuji green tee kit\WhatsApp Image 2026-03-25 at 15.41.55.jpeg | source-assets\full-catalogue\website folder\wet amenities\fuji green tee kit\WhatsApp Image 2026-03-25 at 15.41.52 (1).jpeg | source-assets\full-catalogue\website folder\wet amenities\fuji green tee kit\WhatsApp Image 2026-03-25 at 15.41.52.jpeg | source-assets\full-catalogue\website folder\wet amenities\fuji green tee kit\WhatsApp Image 2026-03-05 at 11.39.05.jpeg | source-assets\full-catalogue\website folder\wet amenities\fuji green tee kit\WhatsApp Image 2026-03-05 at 11.39.06.jpeg"
"botanical-soap","EYLIN Fuji Green Tea Soap","Soaps","EYLIN Fuji Green Tea","Fuji green tea & vitamin E","source-assets\full-catalogue\website folder\wet amenities\fuji green tee kit\WhatsApp Image 2026-03-05 at 11.39.05 (2).jpeg | source-assets\full-catalogue\website folder\wet amenities\fuji green tee kit\WhatsApp Image 2026-03-05 at 11.39.05 (1).jpeg | source-assets\full-catalogue\website folder\wet amenities\fuji green tee kit\IMG-20260323-WA0034.jpg.jpeg"
"eylin-fuji-green-tea-shampoo","EYLIN Fuji Green Tea Shampoo","Hair Care","EYLIN Fuji Green Tea","Shampoo","source-assets\full-catalogue\website folder\wet amenities\fuji green tee kit\WhatsApp Image 2026-03-25 at 16.05.43 (1).jpeg | source-assets\full-catalogue\website folder\wet amenities\fuji green tee kit\WhatsApp Image 2026-03-25 at 15.41.55.jpeg"
"eylin-fuji-green-tea-shower-gel","EYLIN Fuji Green Tea Shower Gel","Bath & Body","EYLIN Fuji Green Tea","Shower Gel","source-assets\full-catalogue\website folder\wet amenities\fuji green tee kit\WhatsApp Image 2026-03-25 at 16.05.43.jpeg | source-assets\full-catalogue\website folder\wet amenities\fuji green tee kit\WhatsApp Image 2026-03-25 at 15.41.54.jpeg"
"eylin-fuji-green-tea-body-milk","EYLIN Fuji Green Tea Body Milk","Bath & Body","EYLIN Fuji Green Tea","Fuji green tea & vitamin E","source-assets\full-catalogue\website folder\wet amenities\fuji green tee kit\WhatsApp Image 2026-03-05 at 11.39.04 (2).jpeg | source-assets\full-catalogue\website folder\wet amenities\fuji green tee kit\WhatsApp Image 2026-03-05 at 11.39.04 (1).jpeg"
"spa-essentials","EYLIN Spa Absolute Jasmin Guest Amenity Kit","Gift Sets","EYLIN Spa Absolute Jasmin","Coordinated guest amenities","source-assets\full-catalogue\website folder\wet amenities\eylin spa jasmin kit\IMG_20260410_125941.png | source-assets\full-catalogue\website folder\wet amenities\eylin spa jasmin kit\IMG_20260410_125928.png | source-assets\full-catalogue\website folder\wet amenities\eylin spa jasmin kit\IMG_20260407_125955.png | source-assets\full-catalogue\website folder\wet amenities\eylin spa jasmin kit\IMG_20260410_130106.png | source-assets\full-catalogue\website folder\wet amenities\eylin spa jasmin kit\IMG_20260410_130400.png | source-assets\full-catalogue\website folder\wet amenities\eylin spa jasmin kit\IMG_20260410_130419.png"
"spa-soap","EYLIN Spa Absolute Jasmin Soap","Soaps","EYLIN Spa Absolute Jasmin","Sculpted soap bar","source-assets\full-catalogue\website folder\wet amenities\eylin spa jasmin kit\IMG_20260410_125741.png | source-assets\full-catalogue\website folder\wet amenities\eylin spa jasmin kit\IMG_20260410_125726.png | source-assets\full-catalogue\website folder\wet amenities\eylin spa jasmin kit\IMG_20260410_130514.png | source-assets\full-catalogue\website folder\wet amenities\eylin spa jasmin kit\IMG_20260410_130645.png.jpeg"
"eylin-spa-absolute-jasmin-shower-gel","EYLIN Spa Absolute Jasmin Shower Gel","Bath & Body","EYLIN Spa Absolute Jasmin","Shower Gel","source-assets\full-catalogue\website folder\wet amenities\eylin spa jasmin kit\IMG_20260407_125754.png | source-assets\full-catalogue\website folder\wet amenities\eylin spa jasmin kit\IMG_20260410_130015.png"
"eylin-spa-absolute-jasmin-shampoo","EYLIN Spa Absolute Jasmin Shampoo","Hair Care","EYLIN Spa Absolute Jasmin","Absolute Jasmin","source-assets\full-catalogue\website folder\wet amenities\eylin spa jasmin kit\IMG_20260407_125836.png | source-assets\full-catalogue\website folder\wet amenities\eylin spa jasmin kit\IMG_20260407_130018.png"
"eylin-spa-absolute-jasmin-body-milk","EYLIN Spa Absolute Jasmin Body Milk","Bath & Body","EYLIN Spa Absolute Jasmin","Body Milk","source-assets\full-catalogue\website folder\wet amenities\eylin spa jasmin kit\IMG_20260410_130321.png | source-assets\full-catalogue\website folder\wet amenities\eylin spa jasmin kit\IMG_20260410_130015.png"
"eylin-oud-guest-amenity-kit","EYLIN Oud Guest Amenity Kit","Gift Sets","EYLIN Oud","Coordinated guest amenities","source-assets\full-catalogue\website folder\wet amenities\Eylin Oud kit\IMG_20260416_184045.jpg.jpeg | source-assets\full-catalogue\website folder\wet amenities\Eylin Oud kit\IMG_20260416_184714.png | source-assets\full-catalogue\website folder\wet amenities\Eylin Oud kit\IMG_20260416_185110.png | source-assets\full-catalogue\website folder\wet amenities\Eylin Oud kit\IMG_20260417_103801.png | source-assets\full-catalogue\website folder\wet amenities\Eylin Oud kit\IMG_20260417_104211.jpg.jpeg"
"eylin-oud-soap","EYLIN Oud Soap","Soaps","EYLIN Oud","Soap","source-assets\full-catalogue\website folder\wet amenities\Eylin Oud kit\IMG_20260416_182844.png | source-assets\full-catalogue\website folder\wet amenities\Eylin Oud kit\IMG_20260416_183806.png | source-assets\full-catalogue\website folder\wet amenities\Eylin Oud kit\IMG_20260416_184958.png | source-assets\full-catalogue\website folder\wet amenities\Eylin Oud kit\IMG_20260417_103816.png"
"eylin-oud-shower-gel","EYLIN Oud Shower Gel","Bath & Body","EYLIN Oud","Shower Gel","source-assets\full-catalogue\website folder\wet amenities\Eylin Oud kit\IMG_20260416_184905.jpg.jpeg | source-assets\full-catalogue\website folder\wet amenities\Eylin Oud kit\IMG_20260417_104132.jpg.jpeg"
"eylin-oud-shampoo","EYLIN Oud Shampoo","Hair Care","EYLIN Oud","Oud extract","source-assets\full-catalogue\website folder\wet amenities\Eylin Oud kit\IMG_20260417_103919.png | source-assets\full-catalogue\website folder\wet amenities\Eylin Oud kit\IMG_20260416_185032.png"
"eylin-oud-body-lotion","EYLIN Oud Body Lotion","Bath & Body","EYLIN Oud","Oud extract","source-assets\full-catalogue\website folder\wet amenities\Eylin Oud kit\IMG_20260417_103844.png | source-assets\full-catalogue\website folder\wet amenities\Eylin Oud kit\IMG_20260417_103919.png"
"eylin-orange-guest-amenity-kit","EYLIN Orange Guest Amenity Kit","Gift Sets","EYLIN Orange","Coordinated guest amenities","source-assets\full-catalogue\website folder\wet amenities\eylin orange kit\WhatsApp Image 2026-07-24 at 17.39.01 (1).jpeg | source-assets\full-catalogue\website folder\wet amenities\eylin orange kit\WhatsApp Image 2026-07-24 at 17.38.40.jpeg | source-assets\full-catalogue\website folder\wet amenities\eylin orange kit\WhatsApp Image 2026-07-24 at 17.38.43 (1).jpeg | source-assets\full-catalogue\website folder\wet amenities\eylin orange kit\WhatsApp Image 2026-07-24 at 17.39.02 (2).jpeg | source-assets\full-catalogue\website folder\wet amenities\eylin orange kit\WhatsApp Image 2026-07-24 at 17.39.02 (3).jpeg"
"eylin-orange-soap","EYLIN Orange Soap","Soaps","EYLIN Orange","Soap","source-assets\full-catalogue\website folder\wet amenities\eylin orange kit\WhatsApp Image 2026-07-24 at 17.38.37.jpeg | source-assets\full-catalogue\website folder\wet amenities\eylin orange kit\WhatsApp Image 2026-07-24 at 17.38.38.jpeg | source-assets\full-catalogue\website folder\wet amenities\eylin orange kit\WhatsApp Image 2026-07-24 at 17.38.43 (2).jpeg"
"eylin-orange-shampoo","EYLIN Orange Shampoo","Hair Care","EYLIN Orange","Shampoo","source-assets\full-catalogue\website folder\wet amenities\eylin orange kit\WhatsApp Image 2026-07-24 at 17.38.56.jpeg | source-assets\full-catalogue\website folder\wet amenities\eylin orange kit\WhatsApp Image 2026-07-24 at 17.38.46 (1).jpeg | source-assets\full-catalogue\website folder\wet amenities\eylin orange kit\WhatsApp Image 2026-07-24 at 17.38.47.jpeg"
"eylin-orange-shower-gel","EYLIN Orange Shower Gel","Bath & Body","EYLIN Orange","Shower Gel","source-assets\full-catalogue\website folder\wet amenities\eylin orange kit\WhatsApp Image 2026-07-24 at 17.38.58 (1).jpeg | source-assets\full-catalogue\website folder\wet amenities\eylin orange kit\WhatsApp Image 2026-07-24 at 17.38.58.jpeg"
"eylin-orange-body-lotion","EYLIN Orange Body Lotion","Bath & Body","EYLIN Orange","Body Lotion","source-assets\full-catalogue\website folder\wet amenities\eylin orange kit\WhatsApp Image 2026-07-24 at 17.38.54 (1).jpeg | source-assets\full-catalogue\website folder\wet amenities\eylin orange kit\WhatsApp Image 2026-07-24 at 17.38.55.jpeg"
"eylin-aqua-guest-amenity-kit","EYLIN Aqua Guest Amenity Kit","Gift Sets","EYLIN Aqua","Coordinated guest amenities","source-assets\full-catalogue\website folder\wet amenities\Aqua kit\IMG_20260422_115218.jpg.jpeg | source-assets\full-catalogue\website folder\wet amenities\Aqua kit\IMG_20260422_115000.jpg.jpeg | source-assets\full-catalogue\website folder\wet amenities\Aqua kit\IMG_20260422_115551.jpg.jpeg | source-assets\full-catalogue\website folder\wet amenities\Aqua kit\IMG_20260422_115710.jpg.jpeg | source-assets\full-catalogue\website folder\wet amenities\Aqua kit\WhatsApp Image 2026-07-24 at 16.53.57.jpeg"
"eylin-aqua-soap","EYLIN Aqua Soap","Soaps","EYLIN Aqua","Soap","source-assets\full-catalogue\website folder\wet amenities\Aqua kit\IMG_20260422_114819.jpg.jpeg | source-assets\full-catalogue\website folder\wet amenities\Aqua kit\IMG_20260422_114430.jpg.jpeg | source-assets\full-catalogue\website folder\wet amenities\Aqua kit\IMG_20260422_115929.png"
"eylin-aqua-shampoo","EYLIN Aqua Shampoo","Hair Care","EYLIN Aqua","Shampoo","source-assets\full-catalogue\website folder\wet amenities\Aqua kit\IMG_20260422_115921.jpg.jpeg | source-assets\full-catalogue\website folder\wet amenities\Aqua kit\IMG_20260422_115722.png"
"eylin-aqua-shower-gel","EYLIN Aqua Shower Gel","Bath & Body","EYLIN Aqua","Aqua collection","source-assets\full-catalogue\website folder\wet amenities\Aqua kit\IMG_20260422_113901.jpg.jpeg | source-assets\full-catalogue\website folder\wet amenities\Aqua kit\IMG_20260422_115516.jpg.jpeg"
"eylin-aqua-moisturiser","EYLIN Aqua Moisturiser","Bath & Body","EYLIN Aqua","Moisturiser","source-assets\full-catalogue\website folder\wet amenities\Aqua kit\IMG_20260422_115637.jpg.jpeg | source-assets\full-catalogue\website folder\wet amenities\Aqua kit\IMG_20260422_114253.jpg.jpeg | source-assets\full-catalogue\website folder\wet amenities\Aqua kit\IMG_20260422_115308.jpg.jpeg"
"eylin-bulgarian-rose-guest-amenity-kit","EYLIN Bulgarian Rose Guest Amenity Kit","Gift Sets","EYLIN Bulgarian Rose","Coordinated guest amenities","source-assets\full-catalogue\website folder\wet amenities\bulgarian rose kit\IMG_20260319_185922.jpg.jpeg | source-assets\full-catalogue\website folder\wet amenities\bulgarian rose kit\IMG_20260319_130524.jpg.jpeg | source-assets\full-catalogue\website folder\wet amenities\bulgarian rose kit\IMG_20260319_130557.png | source-assets\full-catalogue\website folder\wet amenities\bulgarian rose kit\IMG_20260319_190114.jpg (1).jpeg | source-assets\full-catalogue\website folder\wet amenities\bulgarian rose kit\IMG_20260319_191630.png"
"eylin-bulgarian-rose-soap","EYLIN Bulgarian Rose Soap","Soaps","EYLIN Bulgarian Rose","Soap","source-assets\full-catalogue\website folder\wet amenities\bulgarian rose kit\IMG_20260319_185513.jpg.jpeg | source-assets\full-catalogue\website folder\wet amenities\bulgarian rose kit\IMG_20260319_130543.png | source-assets\full-catalogue\website folder\wet amenities\bulgarian rose kit\IMG_20260319_190140.jpg.jpeg"
"eylin-bulgarian-rose-shampoo","EYLIN Bulgarian Rose Shampoo","Hair Care","EYLIN Bulgarian Rose","Shampoo","source-assets\full-catalogue\website folder\wet amenities\bulgarian rose kit\IMG_20260319_190056.jpg.jpeg"
"eylin-bulgarian-rose-shower-gel","EYLIN Bulgarian Rose Shower Gel","Bath & Body","EYLIN Bulgarian Rose","Shower Gel","source-assets\full-catalogue\website folder\wet amenities\bulgarian rose kit\IMG_20260319_190016.jpg.jpeg | source-assets\full-catalogue\website folder\wet amenities\bulgarian rose kit\IMG_20260319_190030.jpg.jpeg | source-assets\full-catalogue\website folder\wet amenities\bulgarian rose kit\IMG_20260319_190042.jpg.jpeg"
"eylin-bulgarian-rose-moisturising-lotion","EYLIN Bulgarian Rose Moisturising Lotion","Bath & Body","EYLIN Bulgarian Rose","Moisturising Lotion","source-assets\full-catalogue\website folder\wet amenities\bulgarian rose kit\IMG_20260319_190001.jpg.jpeg"
"eylin-almond-and-aloe-vera-guest-amenity-kit","EYLIN Almond & Aloe Vera Guest Amenity Kit","Gift Sets","EYLIN Almond & Aloe Vera","Coordinated guest amenities","source-assets\full-catalogue\website folder\wet amenities\eylin almond kit\IMG_20260424_171143.jpg.jpeg | source-assets\full-catalogue\website folder\wet amenities\eylin almond kit\IMG_20260424_180300.jpg.jpeg | source-assets\full-catalogue\website folder\wet amenities\eylin almond kit\IMG_20260424_180145.jpg.jpeg | source-assets\full-catalogue\website folder\wet amenities\eylin almond kit\IMG_20260424_180649.jpg.jpeg"
"eylin-almond-and-aloe-vera-soap","EYLIN Almond & Aloe Vera Soap","Soaps","EYLIN Almond & Aloe Vera","Soap","source-assets\full-catalogue\website folder\wet amenities\eylin almond kit\IMG_20260424_180356.jpg.jpeg | source-assets\full-catalogue\website folder\wet amenities\eylin almond kit\IMG_20260424_170951.jpg.jpeg | source-assets\full-catalogue\website folder\wet amenities\eylin almond kit\IMG_20260424_180328.jpg.jpeg"
"eylin-almond-and-aloe-vera-shampoo","EYLIN Almond & Aloe Vera Shampoo","Hair Care","EYLIN Almond & Aloe Vera","Shampoo","source-assets\full-catalogue\website folder\wet amenities\eylin almond kit\IMG_20260424_180523.jpg.jpeg | source-assets\full-catalogue\website folder\wet amenities\eylin almond kit\IMG_20260424_175959.jpg.jpeg"
"eylin-almond-and-aloe-vera-shower-gel","EYLIN Almond & Aloe Vera Shower Gel","Bath & Body","EYLIN Almond & Aloe Vera","Shower Gel","source-assets\full-catalogue\website folder\wet amenities\eylin almond kit\IMG_20260424_170222.jpg.jpeg | source-assets\full-catalogue\website folder\wet amenities\eylin almond kit\IMG_20260424_170151.jpg.jpeg | source-assets\full-catalogue\website folder\wet amenities\eylin almond kit\IMG_20260424_180443.jpg.jpeg"
"eylin-almond-and-aloe-vera-body-lotion","EYLIN Almond & Aloe Vera Body Lotion","Bath & Body","EYLIN Almond & Aloe Vera","Body Lotion","source-assets\full-catalogue\website folder\wet amenities\eylin almond kit\IMG_20260424_165800.jpg.jpeg | source-assets\full-catalogue\website folder\wet amenities\eylin almond kit\IMG_20260424_170101.jpg.jpeg | source-assets\full-catalogue\website folder\wet amenities\eylin almond kit\IMG_20260424_180457.jpg.jpeg"
"eylin-blue-lotus-guest-amenity-kit","EYLIN Blue Lotus Guest Amenity Kit","Gift Sets","EYLIN Blue Lotus","Coordinated guest amenities","source-assets\full-catalogue\website folder\wet amenities\eylin blue lotus kit\IMG_20260415_145850.jpg.jpeg | source-assets\full-catalogue\website folder\wet amenities\eylin blue lotus kit\IMG_20260415_145421.png | source-assets\full-catalogue\website folder\wet amenities\eylin blue lotus kit\IMG_20260415_145437.png | source-assets\full-catalogue\website folder\wet amenities\eylin blue lotus kit\IMG_20260415_145517.png"
"eylin-blue-lotus-soap","EYLIN Blue Lotus Soap","Soaps","EYLIN Blue Lotus","Soap","source-assets\full-catalogue\website folder\wet amenities\eylin blue lotus kit\IMG_20260415_144500.png | source-assets\full-catalogue\website folder\wet amenities\eylin blue lotus kit\IMG_20260415_144536.png | source-assets\full-catalogue\website folder\wet amenities\eylin blue lotus kit\IMG_20260415_144613.png"
"eylin-blue-lotus-shampoo","EYLIN Blue Lotus Shampoo","Hair Care","EYLIN Blue Lotus","Shampoo","source-assets\full-catalogue\website folder\wet amenities\eylin blue lotus kit\IMG_20260415_133649.jpg.jpeg | source-assets\full-catalogue\website folder\wet amenities\eylin blue lotus kit\IMG_20260415_144814.png | source-assets\full-catalogue\website folder\wet amenities\eylin blue lotus kit\IMG_20260415_144825.png"
"eylin-blue-lotus-shower-gel","EYLIN Blue Lotus Shower Gel","Bath & Body","EYLIN Blue Lotus","Shower Gel","source-assets\full-catalogue\website folder\wet amenities\eylin blue lotus kit\IMG_20260415_144731.png | source-assets\full-catalogue\website folder\wet amenities\eylin blue lotus kit\IMG_20260415_144711.png"
"eylin-blue-lotus-body-lotion","EYLIN Blue Lotus Body Lotion","Bath & Body","EYLIN Blue Lotus","Body Lotion","source-assets\full-catalogue\website folder\wet amenities\eylin blue lotus kit\IMG_20260415_145721.jpg.jpeg | source-assets\full-catalogue\website folder\wet amenities\eylin blue lotus kit\IMG_20260415_145705.jpg.jpeg | source-assets\full-catalogue\website folder\wet amenities\eylin blue lotus kit\IMG_20260415_145738.jpg.jpeg"
"eylin-bukhoor-guest-amenity-kit","EYLIN Bukhoor Guest Amenity Kit","Gift Sets","EYLIN Bukhoor","Coordinated guest amenities","source-assets\full-catalogue\website folder\wet amenities\eylin bukhoor kit\WhatsApp Image 2026-09-09 at 15.58.42 (2).jpeg | source-assets\full-catalogue\website folder\wet amenities\eylin bukhoor kit\WhatsApp Image 2026-09-09 at 15.58.45 (1).jpeg | source-assets\full-catalogue\website folder\wet amenities\eylin bukhoor kit\WhatsApp Image 2026-09-09 at 15.58.45.jpeg | source-assets\full-catalogue\website folder\wet amenities\eylin bukhoor kit\WhatsApp Image 2026-09-09 at 15.58.48.jpeg"
"eylin-bukhoor-soap","EYLIN Bukhoor Soap","Soaps","EYLIN Bukhoor","Soap","source-assets\full-catalogue\website folder\wet amenities\eylin bukhoor kit\WhatsApp Image 2026-09-09 at 16.21.33.jpeg | source-assets\full-catalogue\website folder\wet amenities\eylin bukhoor kit\WhatsApp Image 2026-09-09 at 16.21.34.jpeg"
"eylin-bukhoor-shampoo","EYLIN Bukhoor Shampoo","Hair Care","EYLIN Bukhoor","Shampoo","source-assets\full-catalogue\website folder\wet amenities\eylin bukhoor kit\WhatsApp Image 2026-09-09 at 15.58.44.jpeg | source-assets\full-catalogue\website folder\wet amenities\eylin bukhoor kit\WhatsApp Image 2026-09-09 at 15.58.42 (2).jpeg"
"eylin-bukhoor-shower-gel","EYLIN Bukhoor Shower Gel","Bath & Body","EYLIN Bukhoor","Shower Gel","source-assets\full-catalogue\website folder\wet amenities\eylin bukhoor kit\WhatsApp Image 2026-09-09 at 15.58.47 (1).jpeg | source-assets\full-catalogue\website folder\wet amenities\eylin bukhoor kit\WhatsApp Image 2026-09-09 at 15.58.42 (2).jpeg"
"eylin-bukhoor-body-lotion","EYLIN Bukhoor Body Lotion","Bath & Body","EYLIN Bukhoor","Body Lotion","source-assets\full-catalogue\website folder\wet amenities\eylin bukhoor kit\WhatsApp Image 2026-09-09 at 15.58.47.jpeg | source-assets\full-catalogue\website folder\wet amenities\eylin bukhoor kit\WhatsApp Image 2026-09-09 at 15.58.42 (2).jpeg"
"eylin-green-apple-guest-amenity-kit","EYLIN Green Apple Guest Amenity Kit","Gift Sets","EYLIN Green Apple","Coordinated guest amenities","source-assets\full-catalogue\website folder\wet amenities\eylin green apple kit\IMG_20260427_173736.jpg.jpeg | source-assets\full-catalogue\website folder\wet amenities\eylin green apple kit\IMG_20260427_173633.jpg.jpeg | source-assets\full-catalogue\website folder\wet amenities\eylin green apple kit\IMG_20260427_173751.jpg.jpeg | source-assets\full-catalogue\website folder\wet amenities\eylin green apple kit\IMG_20260427_175039.jpg.jpeg"
"eylin-green-apple-soap","EYLIN Green Apple Soap","Soaps","EYLIN Green Apple","Soap","source-assets\full-catalogue\website folder\wet amenities\eylin green apple kit\IMG_20260427_173942.jpg.jpeg | source-assets\full-catalogue\website folder\wet amenities\eylin green apple kit\IMG_20260427_173927.jpg.jpeg | source-assets\full-catalogue\website folder\wet amenities\eylin green apple kit\IMG_20260427_174342.jpg.jpeg"
"eylin-green-apple-shampoo","EYLIN Green Apple Shampoo","Hair Care","EYLIN Green Apple","Shampoo","source-assets\full-catalogue\website folder\wet amenities\eylin green apple kit\IMG_20260427_175131.jpg.jpeg | source-assets\full-catalogue\website folder\wet amenities\eylin green apple kit\IMG_20260427_174922.jpg.jpeg"
"eylin-green-apple-shower-gel","EYLIN Green Apple Shower Gel","Bath & Body","EYLIN Green Apple","Shower Gel","source-assets\full-catalogue\website folder\wet amenities\eylin green apple kit\IMG_20260427_175142.jpg.jpeg | source-assets\full-catalogue\website folder\wet amenities\eylin green apple kit\IMG_20260427_174503.jpg.jpeg"
"eylin-green-apple-body-lotion","EYLIN Green Apple Body Lotion","Bath & Body","EYLIN Green Apple","Body Lotion","source-assets\full-catalogue\website folder\wet amenities\eylin green apple kit\IMG_20260427_174052.jpg.jpeg | source-assets\full-catalogue\website folder\wet amenities\eylin green apple kit\IMG_20260427_174003.png"
"eylin-lemongrass-guest-amenity-kit","EYLIN Lemongrass Guest Amenity Kit","Gift Sets","EYLIN Lemongrass","Coordinated guest amenities","source-assets\full-catalogue\website folder\wet amenities\eylin lemongrass kit\WhatsApp Image 2026-09-09 at 15.58.49 (1).jpeg | source-assets\full-catalogue\website folder\wet amenities\eylin lemongrass kit\WhatsApp Image 2026-09-09 at 15.58.48 (1).jpeg | source-assets\full-catalogue\website folder\wet amenities\eylin lemongrass kit\WhatsApp Image 2026-09-09 at 15.58.49.jpeg | source-assets\full-catalogue\website folder\wet amenities\eylin lemongrass kit\WhatsApp Image 2026-09-09 at 15.58.51.jpeg"
"eylin-lemongrass-soap","EYLIN Lemongrass Soap","Soaps","EYLIN Lemongrass","Soap","source-assets\full-catalogue\website folder\wet amenities\eylin lemongrass kit\WhatsApp Image 2026-09-09 at 16.21.35.jpeg"
"eylin-lemongrass-shampoo","EYLIN Lemongrass Shampoo","Hair Care","EYLIN Lemongrass","Shampoo","source-assets\full-catalogue\website folder\wet amenities\eylin lemongrass kit\WhatsApp Image 2026-09-09 at 15.58.49 (1).jpeg | source-assets\full-catalogue\website folder\wet amenities\eylin lemongrass kit\WhatsApp Image 2026-09-09 at 15.58.48 (2).jpeg"
"eylin-lemongrass-shower-gel","EYLIN Lemongrass Shower Gel","Bath & Body","EYLIN Lemongrass","Shower Gel","source-assets\full-catalogue\website folder\wet amenities\eylin lemongrass kit\WhatsApp Image 2026-09-09 at 15.58.49 (1).jpeg | source-assets\full-catalogue\website folder\wet amenities\eylin lemongrass kit\WhatsApp Image 2026-09-09 at 15.58.50 (1).jpeg"
"eylin-lemongrass-body-lotion","EYLIN Lemongrass Body Lotion","Bath & Body","EYLIN Lemongrass","Body Lotion","source-assets\full-catalogue\website folder\wet amenities\eylin lemongrass kit\WhatsApp Image 2026-09-09 at 15.58.49 (1).jpeg | source-assets\full-catalogue\website folder\wet amenities\eylin lemongrass kit\WhatsApp Image 2026-09-09 at 15.58.50.jpeg"
"eylin-moringa-guest-amenity-kit","EYLIN Moringa Guest Amenity Kit","Gift Sets","EYLIN Moringa","Coordinated guest amenities","source-assets\full-catalogue\website folder\wet amenities\eylin moringa kit\WhatsApp Image 2026-07-24 at 15.40.27.jpeg | source-assets\full-catalogue\website folder\wet amenities\eylin moringa kit\WhatsApp Image 2026-07-24 at 15.40.26 (2).jpeg | source-assets\full-catalogue\website folder\wet amenities\eylin moringa kit\WhatsApp Image 2026-07-24 at 15.49.36.jpeg | source-assets\full-catalogue\website folder\wet amenities\eylin moringa kit\WhatsApp Image 2026-07-24 at 15.49.37.jpeg"
"eylin-moringa-soap","EYLIN Moringa Soap","Soaps","EYLIN Moringa","12 g","source-assets\full-catalogue\website folder\wet amenities\eylin moringa kit\WhatsApp Image 2026-07-24 at 15.40.23 (1).jpeg | source-assets\full-catalogue\website folder\wet amenities\eylin moringa kit\WhatsApp Image 2026-07-24 at 15.40.24 (3).jpeg | source-assets\full-catalogue\website folder\wet amenities\eylin moringa kit\WhatsApp Image 2026-07-24 at 15.40.25.jpeg"
"eylin-moringa-shampoo","EYLIN Moringa Shampoo","Hair Care","EYLIN Moringa","Moringa shampoo","source-assets\full-catalogue\website folder\wet amenities\eylin moringa kit\WhatsApp Image 2026-07-24 at 15.40.21 (3).jpeg | source-assets\full-catalogue\website folder\wet amenities\eylin moringa kit\WhatsApp Image 2026-07-24 at 15.40.22.jpeg"
"eylin-moringa-shower-gel","EYLIN Moringa Shower Gel","Bath & Body","EYLIN Moringa","15 ml","source-assets\full-catalogue\website folder\wet amenities\eylin moringa kit\WhatsApp Image 2026-07-24 at 15.40.19.jpeg | source-assets\full-catalogue\website folder\wet amenities\eylin moringa kit\WhatsApp Image 2026-07-24 at 15.40.20.jpeg"
"eylin-moringa-hair-conditioner","EYLIN Moringa Hair Conditioner","Hair Care","EYLIN Moringa","15 ml","source-assets\full-catalogue\website folder\wet amenities\eylin moringa kit\WhatsApp Image 2026-07-24 at 15.40.22 (1).jpeg | source-assets\full-catalogue\website folder\wet amenities\eylin moringa kit\WhatsApp Image 2026-07-24 at 15.40.23.jpeg"
"eylin-moringa-moisturising-lotion","EYLIN Moringa Moisturising Lotion","Bath & Body","EYLIN Moringa","15 ml","source-assets\full-catalogue\website folder\wet amenities\eylin moringa kit\WhatsApp Image 2026-07-24 at 15.40.24 (2).jpeg | source-assets\full-catalogue\website folder\wet amenities\eylin moringa kit\WhatsApp Image 2026-07-24 at 15.40.24 (1).jpeg"
"eylin-moringa-talcum-powder","EYLIN Moringa Talcum Powder","Bath & Body","EYLIN Moringa","15 g","source-assets\full-catalogue\website folder\wet amenities\eylin moringa kit\WhatsApp Image 2026-07-24 at 15.40.21 (1).jpeg | source-assets\full-catalogue\website folder\wet amenities\eylin moringa kit\WhatsApp Image 2026-07-24 at 15.40.21 (2).jpeg"
"eylin-neem-and-aloe-vera-guest-amenity-kit","EYLIN Neem & Aloe Vera Guest Amenity Kit","Gift Sets","EYLIN Neem & Aloe Vera","Coordinated guest amenities","source-assets\full-catalogue\website folder\wet amenities\eylin neem & aloevera kit\IMG_20260507_105015.png | source-assets\full-catalogue\website folder\wet amenities\eylin neem & aloevera kit\IMG_20260502_184030.jpg.jpeg | source-assets\full-catalogue\website folder\wet amenities\eylin neem & aloevera kit\IMG_20260502_184046.jpg.jpeg | source-assets\full-catalogue\website folder\wet amenities\eylin neem & aloevera kit\IMG_20260507_113526.jpg.jpeg | source-assets\full-catalogue\website folder\wet amenities\eylin neem & aloevera kit\IMG_20260507_113736.jpg.jpeg"
"eylin-neem-and-aloe-vera-soap","EYLIN Neem & Aloe Vera Soap","Soaps","EYLIN Neem & Aloe Vera","Soap","source-assets\full-catalogue\website folder\wet amenities\eylin neem & aloevera kit\IMG_20260502_185803.jpg.jpeg | source-assets\full-catalogue\website folder\wet amenities\eylin neem & aloevera kit\IMG_20260502_185911.jpg.jpeg | source-assets\full-catalogue\website folder\wet amenities\eylin neem & aloevera kit\IMG_20260507_104421.png"
"eylin-neem-and-aloe-vera-shampoo","EYLIN Neem & Aloe Vera Shampoo","Hair Care","EYLIN Neem & Aloe Vera","Shampoo","source-assets\full-catalogue\website folder\wet amenities\eylin neem & aloevera kit\IMG_20260502_185651.jpg.jpeg | source-assets\full-catalogue\website folder\wet amenities\eylin neem & aloevera kit\IMG_20260502_185708.jpg.jpeg | source-assets\full-catalogue\website folder\wet amenities\eylin neem & aloevera kit\IMG_20260502_185748.jpg.jpeg"
"eylin-neem-and-aloe-vera-shower-gel","EYLIN Neem & Aloe Vera Shower Gel","Bath & Body","EYLIN Neem & Aloe Vera","Shower Gel","source-assets\full-catalogue\website folder\wet amenities\eylin neem & aloevera kit\IMG_20260502_185611.jpg.jpeg | source-assets\full-catalogue\website folder\wet amenities\eylin neem & aloevera kit\IMG_20260502_185620.jpg.jpeg | source-assets\full-catalogue\website folder\wet amenities\eylin neem & aloevera kit\IMG_20260502_185630.jpg.jpeg"
"eylin-neem-and-aloe-vera-body-lotion","EYLIN Neem & Aloe Vera Body Lotion","Bath & Body","EYLIN Neem & Aloe Vera","Body Lotion","source-assets\full-catalogue\website folder\wet amenities\eylin neem & aloevera kit\IMG_20260502_185520.jpg.jpeg | source-assets\full-catalogue\website folder\wet amenities\eylin neem & aloevera kit\IMG_20260507_113647.jpg.jpeg | source-assets\full-catalogue\website folder\wet amenities\eylin neem & aloevera kit\IMG_20260507_113701.jpg.jpeg"
"eylin-onion-and-amla-guest-amenity-kit","EYLIN Onion & Amla Guest Amenity Kit","Gift Sets","EYLIN Onion & Amla","Coordinated guest amenities","source-assets\full-catalogue\website folder\wet amenities\eylin onion extratct kit\WhatsApp Image 2026-09-09 at 15.58.41 (1).jpeg | source-assets\full-catalogue\website folder\wet amenities\eylin onion extratct kit\WhatsApp Image 2026-09-09 at 15.58.39.jpeg | source-assets\full-catalogue\website folder\wet amenities\eylin onion extratct kit\WhatsApp Image 2026-09-09 at 15.58.41.jpeg | source-assets\full-catalogue\website folder\wet amenities\eylin onion extratct kit\WhatsApp Image 2026-09-09 at 15.58.42 (1).jpeg"
"eylin-onion-and-amla-soap","EYLIN Onion & Amla Soap","Soaps","EYLIN Onion & Amla","Soap","source-assets\full-catalogue\website folder\wet amenities\eylin onion extratct kit\WhatsApp Image 2026-09-09 at 16.21.34 (1).jpeg | source-assets\full-catalogue\website folder\wet amenities\eylin onion extratct kit\WhatsApp Image 2026-09-09 at 16.21.34 (2).jpeg"
"eylin-onion-and-amla-shampoo","EYLIN Onion & Amla Shampoo","Hair Care","EYLIN Onion & Amla","Shampoo","source-assets\full-catalogue\website folder\wet amenities\eylin onion extratct kit\WhatsApp Image 2026-09-09 at 15.58.39.jpeg | source-assets\full-catalogue\website folder\wet amenities\eylin onion extratct kit\WhatsApp Image 2026-09-09 at 15.58.41.jpeg"
"eylin-onion-and-amla-shower-gel","EYLIN Onion & Amla Shower Gel","Bath & Body","EYLIN Onion & Amla","Shower Gel","source-assets\full-catalogue\website folder\wet amenities\eylin onion extratct kit\WhatsApp Image 2026-09-09 at 15.58.41 (1).jpeg | source-assets\full-catalogue\website folder\wet amenities\eylin onion extratct kit\WhatsApp Image 2026-09-09 at 15.58.41.jpeg"
"eylin-onion-and-amla-body-lotion","EYLIN Onion & Amla Body Lotion","Bath & Body","EYLIN Onion & Amla","Body Lotion","source-assets\full-catalogue\website folder\wet amenities\eylin onion extratct kit\WhatsApp Image 2026-09-09 at 15.58.39.jpeg | source-assets\full-catalogue\website folder\wet amenities\eylin onion extratct kit\WhatsApp Image 2026-09-09 at 15.58.41 (1).jpeg"
"eylin-moisturising-guest-soap","EYLIN Moisturising Guest Soap","Soaps","EYLIN Guest Soaps","10 g, 15 g and 20 g","source-assets\full-catalogue\website folder\dry amenities\eylin moisturiser soap 10g.,15g,& 20g..jpeg"
"eylin-sandal-wrapped-soap","EYLIN Sandal Wrapped Soap","Soaps","EYLIN Guest Soaps","Sandal","source-assets\full-catalogue\website folder\dry amenities\eylin sandal,neem  & aloevra, lavender soap.jpeg"
"eylin-neem-and-aloe-vera-wrapped-soap","EYLIN Neem & Aloe Vera Wrapped Soap","Soaps","EYLIN Guest Soaps","Neem & Aloe Vera","source-assets\full-catalogue\website folder\dry amenities\eylin sandal,neem  & aloevra, lavender soap.jpeg"
"eylin-lavender-wrapped-soap","EYLIN Lavender Wrapped Soap","Soaps","EYLIN Guest Soaps","Lavender","source-assets\full-catalogue\website folder\dry amenities\eylin sandal,neem  & aloevra, lavender soap.jpeg"
"zivara-moisturising-guest-soap","Zivara Moisturising Guest Soap","Soaps","Zivara Guest Care","8 g","source-assets\full-catalogue\website folder\dry amenities\zivara moisturising soap 8 gm. (2).jpeg | source-assets\full-catalogue\website folder\dry amenities\zivara moisturising soap 8 gm..jpeg"
"eylin-shampoo-sachet","EYLIN Shampoo Sachet","Hair Care","EYLIN Guest Care","8 ml","source-assets\full-catalogue\website folder\dry amenities\shmapoo pouch 8ml.jpeg"
"bottle-tag","Bottle Tag","Dry Amenities","Room Accessories","Bottle neck tag","source-assets\full-catalogue\website folder\dry amenities\bottle tag.jpeg"
"luggage-tag","Luggage Tag","Dry Amenities","Room Accessories","Guest luggage tag","source-assets\full-catalogue\website folder\dry amenities\luggage tag.jpeg"
"do-not-disturb-and-make-up-room-cards","Do Not Disturb & Make Up Room Cards","Dry Amenities","Room Accessories","Door-hanging room cards","source-assets\full-catalogue\website folder\dry amenities\dnd card.jpeg"
"butter-paper-glass-cover","Butter Paper Glass Cover","Dry Amenities","Room Accessories","Paper glass cover","source-assets\full-catalogue\website folder\dry amenities\butter paper glass cover.jpeg | source-assets\full-catalogue\website folder\dry amenities\butter paper glass cover (2).jpeg"
"plastic-glass-cover","Plastic Glass Cover","Dry Amenities","Room Accessories","Plastic glass cover","source-assets\full-catalogue\website folder\dry amenities\plastic glass cover (2).jpeg | source-assets\full-catalogue\website folder\dry amenities\plastic glass cover.jpeg"
"round-coaster","Round Coaster","Dry Amenities","Room Accessories","Round format","source-assets\full-catalogue\website folder\dry amenities\round coaster.jpeg | source-assets\full-catalogue\website folder\dry amenities\round coaster (2).jpeg"
"square-coaster","Square Coaster","Dry Amenities","Room Accessories","Square format","source-assets\full-catalogue\website folder\dry amenities\square coaster.jpeg | source-assets\full-catalogue\website folder\dry amenities\square cpaster (2).jpeg"
"wc-hygiene-band","WC Hygiene Band","Dry Amenities","Room Accessories","Sanitary presentation band","source-assets\full-catalogue\website folder\dry amenities\wc band.jpeg | source-assets\full-catalogue\website folder\dry amenities\wcband.jpeg"
"shoe-shine-box","Shoe Shine Box","Dry Amenities","Guest Accessories","Round shoe-shine box","source-assets\full-catalogue\website folder\dry amenities\nidhi shoe shine box.jpeg | source-assets\full-catalogue\website folder\dry amenities\shoe shiner box & strip.jpeg"
"shoe-shiner-strip","Shoe Shiner Strip","Dry Amenities","Guest Accessories","Individually packed strip","source-assets\full-catalogue\website folder\dry amenities\shoe shiner box & strip.jpeg"
"shaving-kit","Shaving Kit","Dry Amenities","Guest Accessories","Black presentation box","source-assets\full-catalogue\website folder\dry amenities\WhatsApp Image 2026-07-22 at 12.55.24.jpeg | source-assets\full-catalogue\website folder\dry amenities\WhatsApp Image 2026-07-22 at 12.55.24 (1).jpeg | source-assets\full-catalogue\website folder\dry amenities\WhatsApp Image 2026-07-22 at 12.55.27 (2).jpeg"
"dental-kit","Dental Kit","Dry Amenities","Guest Accessories","Black presentation box","source-assets\full-catalogue\website folder\dry amenities\WhatsApp Image 2026-07-22 at 12.55.25.jpeg | source-assets\full-catalogue\website folder\dry amenities\WhatsApp Image 2026-07-22 at 12.55.26 (2).jpeg | source-assets\full-catalogue\website folder\dry amenities\WhatsApp Image 2026-07-22 at 12.55.27 (3).jpeg"
"shower-cap","Shower Cap","Dry Amenities","Guest Accessories","Black presentation box","source-assets\full-catalogue\website folder\dry amenities\WhatsApp Image 2026-07-22 at 12.55.26.jpeg | source-assets\full-catalogue\website folder\dry amenities\WhatsApp Image 2026-07-22 at 12.55.25 (2).jpeg | source-assets\full-catalogue\website folder\dry amenities\WhatsApp Image 2026-07-22 at 12.55.27 (1).jpeg"
"guest-comb","Guest Comb","Dry Amenities","Guest Accessories","Black presentation box","source-assets\full-catalogue\website folder\dry amenities\WhatsApp Image 2026-07-22 at 12.55.26 (1).jpeg | source-assets\full-catalogue\website folder\dry amenities\WhatsApp Image 2026-07-22 at 12.55.25 (1).jpeg | source-assets\full-catalogue\website folder\dry amenities\WhatsApp Image 2026-07-22 at 12.55.27.jpeg"
"sewing-kit","Sewing Kit","Dry Amenities","Guest Accessories","Paper pouch","source-assets\full-catalogue\website folder\dry amenities\paper packing pouch.jpeg"
"black-box-guest-amenity-set","Black Box Guest Amenity Set","Dry Amenities","Guest Accessories","Coordinated boxed amenities","source-assets\full-catalogue\website folder\dry amenities\WhatsApp Image 2026-07-27 at 12.00.53 (1).jpeg | source-assets\full-catalogue\website folder\dry amenities\WhatsApp Image 2026-07-27 at 12.00.53.jpeg | source-assets\full-catalogue\website folder\dry amenities\WhatsApp Image 2026-07-27 at 12.00.54.jpeg"
"brown-chromo-paper-amenity-boxes","Brown Chromo Paper Amenity Boxes","Dry Amenities","Amenity Packaging","Printed brown boxes","source-assets\full-catalogue\website folder\dry amenities\brown chromo paper packing box.jpeg"
"brown-paper-amenity-pouches","Brown Paper Amenity Pouches","Dry Amenities","Amenity Packaging","Brown pouch presentation","source-assets\full-catalogue\website folder\dry amenities\brown paper pack pouch.jpeg"
"white-paper-amenity-pouches","White Paper Amenity Pouches","Dry Amenities","Amenity Packaging","White pouch presentation","source-assets\full-catalogue\website folder\dry amenities\paper packing pouch.jpeg"
"gold-border-amenity-boxes","Gold Border Amenity Boxes","Dry Amenities","Amenity Packaging","White boxes with gold border","source-assets\full-catalogue\website folder\dry amenities\plain boxes with golden colour border.jpeg"
"jute-guest-slippers","Jute Guest Slippers","Slippers","Hotel Slippers","Hotel guest footwear","source-assets\full-catalogue\website folder\hotel guest slipper\WhatsApp Image 2026-06-20 at 15.50.28 (2).jpeg | source-assets\full-catalogue\website folder\hotel guest slipper\WhatsApp Image 2026-06-20 at 15.50.28 (1).jpeg | source-assets\full-catalogue\website folder\hotel guest slipper\WhatsApp Image 2026-06-20 at 15.50.28.jpeg"
"white-closed-toe-guest-slippers","White Closed-Toe Guest Slippers","Slippers","Hotel Slippers","Hotel guest footwear","source-assets\full-catalogue\website folder\hotel guest slipper\WhatsApp Image 2026-06-20 at 19.16.05 (2).jpeg"
"white-open-toe-guest-slippers","White Open-Toe Guest Slippers","Slippers","Hotel Slippers","Hotel guest footwear","source-assets\full-catalogue\website folder\hotel guest slipper\WhatsApp Image 2026-06-20 at 19.16.05.jpeg | source-assets\full-catalogue\website folder\hotel guest slipper\WhatsApp Image 2026-06-20 at 19.16.05 (3).jpeg"
"black-guest-slippers","Black Guest Slippers","Slippers","Hotel Slippers","Hotel guest footwear","source-assets\full-catalogue\website folder\hotel guest slipper\WhatsApp Image 2026-06-20 at 19.16.06 (1).jpeg | source-assets\full-catalogue\website folder\hotel guest slipper\WhatsApp Image 2026-06-20 at 19.16.06.jpeg | source-assets\full-catalogue\website folder\hotel guest slipper\WhatsApp Image 2026-06-20 at 19.16.05 (1).jpeg"
"double-bottle-metal-dispenser","Double Bottle Metal Dispenser","Dispensers","Amenity Dispensers","Wall-mounted bottle holder","source-assets\full-catalogue\website folder\dispensors\double bottle metal dispensor.jpeg"
"double-bottle-plastic-dispenser","Double Bottle Plastic Dispenser","Dispensers","Amenity Dispensers","Wall-mounted bottle holder","source-assets\full-catalogue\website folder\dispensors\double bottle plastic dispensor.jpeg"
"single-bottle-metal-dispenser","Single Bottle Metal Dispenser","Dispensers","Amenity Dispensers","Wall-mounted bottle holder","source-assets\full-catalogue\website folder\dispensors\single bottle metal dispensor.jpeg"
"single-bottle-plastic-dispenser","Single Bottle Plastic Dispenser","Dispensers","Amenity Dispensers","Wall-mounted bottle holder","source-assets\full-catalogue\website folder\dispensors\single bottle plastic dispensor.jpeg"
"zivara-aqua-blue-premium-handwash","Zivara Aqua Blue Premium Handwash","Handwash","Zivara Handwash","5 L","source-assets\full-catalogue\website folder\handwash collection\WhatsApp Image 2026-07-22 at 14.48.50.jpeg"
"zivara-strawberry-handwash","Zivara Strawberry Handwash","Handwash","Zivara Handwash","5 L","source-assets\full-catalogue\website folder\handwash collection\WhatsApp Image 2026-07-22 at 14.48.51 (1).jpeg"
"zivara-neem-and-aloe-vera-handwash","Zivara Neem & Aloe Vera Handwash","Handwash","Zivara Handwash","5 L","source-assets\full-catalogue\website folder\handwash collection\WhatsApp Image 2026-07-22 at 14.48.51 (2).jpeg"
"zivara-eco-handwash","Zivara Eco Handwash","Handwash","Zivara Handwash","5 L","source-assets\full-catalogue\website folder\handwash collection\WhatsApp Image 2026-07-22 at 14.48.51.jpeg"
"zivara-aloe-vera-and-lemongrass-handwash","Zivara Aloe Vera & Lemongrass Handwash","Handwash","Zivara Handwash","5 L","source-assets\full-catalogue\website folder\handwash collection\WhatsApp Image 2026-07-29 at 15.21.34.jpeg"
"zivara-laundry-liquid","Zivara Laundry Liquid","Cleaning Products","Zivara Housekeeping","5 L","source-assets\full-catalogue\website folder\cleaning chemicals\laundry liquid new  5 ltr.jpg | source-assets\full-catalogue\website folder\cleaning chemicals\zivara laundry liquid.jpeg"
"zivara-bathroom-cleaner","Zivara Bathroom Cleaner","Cleaning Products","Zivara Housekeeping","Housekeeping range","source-assets\full-catalogue\website folder\cleaning chemicals\zivara bathroom cleaner.jpeg"
"zivara-concentrated-phenyl","Zivara Concentrated Phenyl","Cleaning Products","Zivara Housekeeping","Housekeeping range","source-assets\full-catalogue\website folder\cleaning chemicals\zivara concentrate phenyl.jpeg"
"zivara-dishwash-liquid","Zivara Dishwash Liquid","Cleaning Products","Zivara Housekeeping","Housekeeping range","source-assets\full-catalogue\website folder\cleaning chemicals\zivara dishwasher.jpeg"
"zivara-floor-cleaner","Zivara Floor Cleaner","Cleaning Products","Zivara Housekeeping","Housekeeping range","source-assets\full-catalogue\website folder\cleaning chemicals\zivara floor cleaner.jpeg"
"zivara-glass-cleaner","Zivara Glass Cleaner","Cleaning Products","Zivara Housekeeping","Housekeeping range","source-assets\full-catalogue\website folder\cleaning chemicals\zivara glass cleaner.jpeg"
"zivara-hard-surface-cleaner","Zivara Hard Surface Cleaner","Cleaning Products","Zivara Housekeeping","Housekeeping range","source-assets\full-catalogue\website folder\cleaning chemicals\zivara hard surface.jpeg"
"zivara-toilet-bowl-cleaner","Zivara Toilet Bowl Cleaner","Cleaning Products","Zivara Housekeeping","5 L","source-assets\full-catalogue\website folder\cleaning chemicals\zivara toilet (bowl)cleaner 5 ltr.jpg"
"zivara-white-phenyl","Zivara White Phenyl","Cleaning Products","Zivara Housekeeping","Housekeeping range","source-assets\full-catalogue\website folder\cleaning chemicals\zivara white phenyl.jpeg"
"zivara-bulgarian-rose-air-freshener","Zivara Bulgarian Rose Air Freshener","Air Fresheners","Zivara Air Care","5 L refill shown with spray bottle","source-assets\full-catalogue\website folder\air freshner\zivara bulgarian rose air freshner 5 ltr.jpg"
"zivara-evening-in-paris-air-freshener","Zivara Evening in Paris Air Freshener","Air Fresheners","Zivara Air Care","5 L refill shown with spray bottle","source-assets\full-catalogue\website folder\air freshner\zivara evening in paris 5 ltr.jpg"
"zivara-lavender-air-freshener","Zivara Lavender Air Freshener","Air Fresheners","Zivara Air Care","5 L refill shown with spray bottle","source-assets\full-catalogue\website folder\air freshner\zivara lavender air freshner 5 ltr.jpg"
"zivara-lemongrass-air-freshener","Zivara Lemongrass Air Freshener","Air Fresheners","Zivara Air Care","5 L refill shown with spray bottle","source-assets\full-catalogue\website folder\air freshner\zivara lemongrass air freshner 5 ltr.jpg"
"zivara-london-dreams-air-freshener","Zivara London Dreams Air Freshener","Air Fresheners","Zivara Air Care","5 L refill shown with spray bottle","source-assets\full-catalogue\website folder\air freshner\zivara london dreams air freshner 5 ltr.jpg"
"zivara-sandal-air-freshener","Zivara Sandal Air Freshener","Air Fresheners","Zivara Air Care","5 L refill shown with spray bottle","source-assets\full-catalogue\website folder\air freshner\Zivara sandal air freshner 5 ltr.jpg"